{
"lengthUnit": "mil",
"components": {
	"fields": ["COMPONENT_NO", "COMPONENT_NAME", "LAYER", "X_COORDINATE", "Y_COORDINATE", "ANGLE"],
	"rows": [
		[1, "J1", "T", 1045, 2790, 0],
		[2, "J2", "T", 1045, 2695, 0],
		[3, "J3", "T", 795, 2790, 0],
		[4, "J4", "T", 795, 2695, 0],
		[5, "U1", "T", 920, 2795, 0]
	]
},
"pins": {
	"fields": ["PIN_NO", "PIN_NAME", "PIN_X", "PIN_Y", "LAYER", "PIN_TYPE", "NET_NAME", "NET_TYPE", "PAD_SHAPE", "PAD_SIZEX", "PAD_SIZEY", "HOLE_SIZE", "PAD_ANGLE"],
	"rows": [
		[1, "J1_1", 1045, 2790, "T", "DIP", "U1_2", "", "C", 62, 62, 35, 270],
		[2, "J1_1", 1045, 2790, "B", "DIP", "U1_2", "", "C", 62, 62, 35, 270],
		[3, "J2_1", 1045, 2695, "T", "DIP", "U1_1", "", "R", 62, 62, 35, 270],
		[4, "J2_1", 1045, 2695, "B", "DIP", "U1_1", "", "R", 62, 62, 35, 270],
		[5, "J3_1", 795, 2790, "T", "DIP", "U1_2", "", "C", 62, 62, 35, 270],
		[6, "J3_1", 795, 2790, "B", "DIP", "U1_2", "", "C", 62, 62, 35, 270],
		[7, "J4_1", 795, 2695, "T", "DIP", "U1_1", "", "R", 62, 62, 35, 270],
		[8, "J4_1", 795, 2695, "B", "DIP", "U1_1", "", "R", 62, 62, 35, 270],
		[9, "U1_1", 876.69, 2795, "T", "SMD", "U1_1", "", "R", 39.37, 49.21, 0, 180],
		[10, "U1_2", 963.31, 2795, "T", "SMD", "U1_2", "", "R", 39.37, 49.21, 0, 180]
	]
}
}