{
"lengthUnit": "mil",
"components": {
	"fields": ["COMPONENT_NO", "COMPONENT_NAME", "LAYER", "X_COORDINATE", "Y_COORDINATE", "ANGLE"],
	"rows": [
		[1, "CCLEDL", "T", 845, 2743.01, 0],
		[2, "CCLEDR", "T", 845, 2478.01, 0],
		[3, "GND", "T", 540, 2365, 0],
		[4, "GNDL", "T", 845, 2643.01, 0],
		[5, "GNDR", "T", 845, 2368.01, 0],
		[6, "R1", "T", 720, 2555, 90],
		[7, "U1", "T", 565, 2690, 270],
		[8, "VIN", "T", 540, 2465, 0]
	]
},
"pins": {
	"fields": ["PIN_NO", "PIN_NAME", "PIN_X", "PIN_Y", "LAYER", "PIN_TYPE", "NET_NAME", "NET_TYPE", "PAD_SHAPE", "PAD_SIZEX", "PAD_SIZEY", "HOLE_SIZE", "PAD_ANGLE"],
	"rows": [
		[1, "CCLEDL_1", 845, 2743.01, "T", "DIP", "U1_1", "", "C", 62, 62, 35, 270],
		[2, "CCLEDL_1", 845, 2743.01, "B", "DIP", "U1_1", "", "C", 62, 62, 35, 270],
		[3, "CCLEDR_1", 845, 2478.01, "T", "DIP", "U1_1", "", "C", 62, 62, 35, 270],
		[4, "CCLEDR_1", 845, 2478.01, "B", "DIP", "U1_1", "", "C", 62, 62, 35, 270],
		[5, "GND_1", 540, 2365, "T", "DIP", "GNDR_1", "", "R", 62, 62, 35, 270],
		[6, "GND_1", 540, 2365, "B", "DIP", "GNDR_1", "", "R", 62, 62, 35, 270],
		[7, "GNDL_1", 845, 2643.01, "T", "DIP", "GNDR_1", "", "R", 62, 62, 35, 270],
		[8, "GNDL_1", 845, 2643.01, "B", "DIP", "GNDR_1", "", "R", 62, 62, 35, 270],
		[9, "GNDR_1", 845, 2368.01, "T", "DIP", "GNDR_1", "", "R", 62, 62, 35, 270],
		[10, "GNDR_1", 845, 2368.01, "B", "DIP", "GNDR_1", "", "R", 62, 62, 35, 270],
		[11, "R1_1", 720, 2352.24, "T", "DIP", "U1_2", "", "C", 60, 60, 39.37, 90],
		[12, "R1_1", 720, 2352.24, "B", "DIP", "U1_2", "", "C", 60, 60, 39.37, 90],
		[13, "R1_2", 720, 2757.76, "T", "DIP", "U1_1", "", "C", 60, 60, 39.37, 90],
		[14, "R1_2", 720, 2757.76, "B", "DIP", "U1_1", "", "C", 60, 60, 39.37, 90],
		[15, "U1_1", 565, 2740, "T", "DIP", "U1_1", "", "R", 35.43, 62.99, 27.56, 270],
		[16, "U1_1", 565, 2740, "B", "DIP", "U1_1", "", "R", 35.43, 62.99, 27.56, 270],
		[17, "U1_2", 565, 2690, "T", "DIP", "U1_2", "", "O", 35.43, 62.99, 27.56, 270],
		[18, "U1_2", 565, 2690, "B", "DIP", "U1_2", "", "O", 35.43, 62.99, 27.56, 270],
		[19, "U1_3", 565, 2640, "T", "DIP", "U1_3", "", "O", 35.43, 62.99, 27.56, 270],
		[20, "U1_3", 565, 2640, "B", "DIP", "U1_3", "", "O", 35.43, 62.99, 27.56, 270],
		[21, "VIN_1", 540, 2465, "T", "DIP", "U1_3", "", "C", 62, 62, 35, 270],
		[22, "VIN_1", 540, 2465, "B", "DIP", "U1_3", "", "C", 62, 62, 35, 270]
	]
}
}